{
  "platform": "nextjs",
  "code": {
    "lang": "ts",
    "scheme": "blackbox",
    "reactRuntime": "classic"
  },
  "images": {
    "scheme": "public-files",
    "publicDir": "../public",
    "publicUrlPrefix": "/"
  },
  "tokens": {
    "scheme": "theo",
    "tokensFilePath": "plasmic-tokens.theo.json"
  },
  "srcDir": "components",
  "defaultPlasmicDir": "./plasmic",
  "projects": [],
  "globalVariants": {},
  "wrapPagesWithGlobalContexts": true,
  "nextjsConfig": {
    "pagesDir": "../src/pages"
  },
  "cliVersion": "0.1.330",
  "$schema": "https://unpkg.com/@plasmicapp/cli@0.1.330/dist/plasmic.schema.json"
}
